MUNICIPIO,departamento,SUPERFICIE SEMBRADA (Mz),SUPERFICIE COSECHADA PARA GRANO Y SEMILLA (Mz),PRODUCCIÓN PARA GRANO Y SEMILLA (QQ),ANIO,ORIGEN_DATOS,shape_leng,shape_area,gid
NUEVA CONCEPCION,CHALATENANGO,1104.88,1059.87,12837,2113,iv Censo Agropecuario 2007-2008 Resultados departamentales y municipales,1.0153562841500,0.028778509514100,1
AGUA CALIENTE,CHALATENANGO,238.62,216.08,1992,2008,iv Censo Agropecuario 2007-2008 Resultados departamentales y municipales,0.5418422188470,0.010760515893600,2
LA PALMA,CHALATENANGO,232.45,229.71,2634,2092,iv Censo Agropecuario 2007-2008 Resultados departamentales y municipales,0.6961669040010,0.012608642059300,3
SAN IGNACIO,CHALATENANGO,174.71,171.07,1896,2162,iv Censo Agropecuario 2007-2008 Resultados departamentales y municipales,0.4601596248910,0.004835440736150,4
CITALA,CHALATENANGO,131.69,131.69,1392,2028,iv Censo Agropecuario 2007-2008 Resultados departamentales y municipales,0.5432412105350,0.006169643194560,5
SAN FERNANDO,CHALATENANGO,89.38,88.72,766,2153,iv Censo Agropecuario 2007-2008 Resultados departamentales y municipales,0.3318886252330,0.002889573920340,6
LA REINA,CHALATENANGO,332.32,329.42,3055,2093,iv Censo Agropecuario 2007-2008 Resultados departamentales y municipales,0.5700458603830,0.008775986932950,7
SAN FRANCISCO MORAZAN,CHALATENANGO,164.13,157.39,1415,2160,iv Censo Agropecuario 2007-2008 Resultados departamentales y municipales,0.5125104051140,0.007957965034130,8
TEJUTLA,CHALATENANGO,153.69,153.31,1495,2238,iv Censo Agropecuario 2007-2008 Resultados departamentales y municipales,0.6328579283140,0.009952089464020,9
DULCE NOMBRE DE MARIA,CHALATENANGO,268.02,264.04,2513,2049,iv Censo Agropecuario 2007-2008 Resultados departamentales y municipales,0.4487349807460,0.005592792388880,10
EL PARAISO,CHALATENANGO,60.88,59.64,590,2056,iv Censo Agropecuario 2007-2008 Resultados departamentales y municipales,0.3622542020920,0.004835429155590,11
SAN RAFAEL,CHALATENANGO,61.86,57.69,667,2193,iv Censo Agropecuario 2007-2008 Resultados departamentales y municipales,0.3227846674170,0.002250706188950,12
SANTA RITA,CHALATENANGO,160.63,160.63,1775,2212,iv Censo Agropecuario 2007-2008 Resultados departamentales y municipales,0.3889066087010,0.004135045534630,13
CONCEPCION QUEZALTEPEQUE,CHALATENANGO,3.48,3.48,35,2040,iv Censo Agropecuario 2007-2008 Resultados departamentales y municipales,0.3013127847160,0.004132309140730,14
CHALATENANGO,CHALATENANGO,215.75,211.43,2004,2020,iv Censo Agropecuario 2007-2008 Resultados departamentales y municipales,0.6835281136270,0.011013719127600,15
NUEVA TRINIDAD,CHALATENANGO,91.48,90.12,936,2117,iv Censo Agropecuario 2007-2008 Resultados departamentales y municipales,0.2872279394880,0.003324401182520,16
LAS VUELTAS,CHALATENANGO,123.32,123.32,1444,2096,iv Censo Agropecuario 2007-2008 Resultados departamentales y municipales,0.2714817872820,0.002867324151970,17
OJOS DE AGUA,CHALATENANGO,212.05,211.92,2625,2120,iv Censo Agropecuario 2007-2008 Resultados departamentales y municipales,0.2919656743850,0.003441195719810,18
SAN ISIDRO LABRADOR,CHALATENANGO,133.77,133.77,1305,2166,iv Censo Agropecuario 2007-2008 Resultados departamentales y municipales,0.2248601023310,0.002148640227150,19
CANCASQUE,CHALATENANGO,56.69,56.69,398,2016,iv Censo Agropecuario 2007-2008 Resultados departamentales y municipales,0.2235930535790,0.002515604346570,20
POTONICO,CHALATENANGO,22.27,22.27,110,2130,iv Censo Agropecuario 2007-2008 Resultados departamentales y municipales,0.2724574921660,0.003155423114950,21
SAN MIGUEL DE MERCEDES,CHALATENANGO,33.74,33.74,218,2186,iv Censo Agropecuario 2007-2008 Resultados departamentales y municipales,0.2275484193940,0.002346588280180,22
SAN ANTONIO LOS RANCHOS,CHALATENANGO,67.90,65.27,628,2142,iv Censo Agropecuario 2007-2008 Resultados departamentales y municipales,0.1571980959400,0.001077229005680,23
AZACUALPA,CHALATENANGO,10.76,10.76,67,2010,iv Censo Agropecuario 2007-2008 Resultados departamentales y municipales,0.1317600328120,0.001011152584600,24
SAN LUIS DEL CARMEN,CHALATENANGO,18.79,18.79,232,2179,iv Censo Agropecuario 2007-2008 Resultados departamentales y municipales,0.1929902913790,0.001747083884660,25
METAPAN,SANTA ANA,4644.07,4362.52,51043,2106,iv Censo Agropecuario 2007-2008 Resultados departamentales y municipales,1.3490111467100,0.057931547196500,26
SAN ANTONIO PAJONAL,SANTA ANA,172.02,166.88,2231,2144,iv Censo Agropecuario 2007-2008 Resultados departamentales y municipales,0.3909940771170,0.004290508035960,27
SANTIAGO DE LA FRONTERA,SANTA ANA,593.85,585.42,8616,2216,iv Censo Agropecuario 2007-2008 Resultados departamentales y municipales,0.2437437830140,0.003430180720020,28
SANTA ROSA GUACHIPILIN,SANTA ANA,685.97,675.59,8689,2214,iv Censo Agropecuario 2007-2008 Resultados departamentales y municipales,0.3849077521260,0.004267739883500,29
MASAHUAT,SANTA ANA,485.59,444.40,5554,2100,iv Censo Agropecuario 2007-2008 Resultados departamentales y municipales,0.3325178545940,0.004358041724590,30
TEXISTEPEQUE,SANTA ANA,539.52,514.35,6308,2243,iv Censo Agropecuario 2007-2008 Resultados departamentales y municipales,0.7579299725090,0.014057124001300,31
CANDELARIA DE LA FRONTERA,SANTA ANA,1587.30,1555.21,20601,2018,iv Censo Agropecuario 2007-2008 Resultados departamentales y municipales,0.5649130145920,0.008422705191810,32
SANTA ANA,SANTA ANA,3831.76,3785.40,41842,2203,iv Censo Agropecuario 2007-2008 Resultados departamentales y municipales,1.3090799981200,0.034092374344400,33
COATEPEQUE,SANTA ANA,188.99,188.99,2540,2031,iv Censo Agropecuario 2007-2008 Resultados departamentales y municipales,0.7457366391510,0.011709601186300,34
EL PORVENIR,SANTA ANA,1042.71,981.85,11812,2057,iv Censo Agropecuario 2007-2008 Resultados departamentales y municipales,0.2952365597460,0.004042008665850,35
SAN SEBASTIAN SALITRILLO,SANTA ANA,140.12,116.94,1550,2200,iv Censo Agropecuario 2007-2008 Resultados departamentales y municipales,0.2071399223860,0.001558253572980,36
CHALCHUAPA,SANTA ANA,3121.82,2986.84,36421,2021,iv Censo Agropecuario 2007-2008 Resultados departamentales y municipales,0.8891557411970,0.015327155909800,37
EL CONGO,SANTA ANA,1138.20,1088.62,13448,2053,iv Censo Agropecuario 2007-2008 Resultados departamentales y municipales,0.4564812797220,0.006819533181780,38
APASTEPEQUE,SAN VICENTE,1648.72,1640.98,20892,2008,iv Censo Agropecuario 2007-2008 Resultados departamentales y municipales,0.6829126303150,0.009699954034270,39
SAN SEBASTIAN,SAN VICENTE,1108.30,1107.18,12050,2199,iv Censo Agropecuario 2007-2008 Resultados departamentales y municipales,0.4741940703100,0.005699458022220,40
VERAPAZ,SAN VICENTE,558.62,545.71,5382,2249,iv Censo Agropecuario 2007-2008 Resultados departamentales y municipales,0.2004228776640,0.002009838642560,41
SANTO DOMINGO,SAN VICENTE,360.49,354.16,3441,2220,iv Censo Agropecuario 2007-2008 Resultados departamentales y municipales,0.2055764415260,0.001286278117330,42
SAN LORENZO,SAN VICENTE,545.85,534.17,5938,2177,iv Censo Agropecuario 2007-2008 Resultados departamentales y municipales,0.4653955015030,0.003733409581620,43
TEPETITAN,SAN VICENTE,258.74,254.55,3090,2242,iv Censo Agropecuario 2007-2008 Resultados departamentales y municipales,0.1997027295440,0.001174933383800,44
SAN CAYETANO ISTEPEQUE,SAN VICENTE,486.32,483.44,6185,2148,iv Censo Agropecuario 2007-2008 Resultados departamentales y municipales,0.1628054715540,0.000979265633123,45
GUADALUPE,SAN VICENTE,207.35,203.02,2559,2068,iv Censo Agropecuario 2007-2008 Resultados departamentales y municipales,0.1882336607890,0.002028226325620,46
TECOLUCA,SAN VICENTE,1016.76,964.45,11762,2236,iv Censo Agropecuario 2007-2008 Resultados departamentales y municipales,1.1731514701100,0.023444059165300,47
SAN ILDEFONSO,SAN VICENTE,208.09,203.36,1927,2163,iv Censo Agropecuario 2007-2008 Resultados departamentales y municipales,0.5260139403960,0.011372901014600,48
ESTANZUELAS,USULUTAN,11.18,10.88,53,2066,iv Censo Agropecuario 2007-2008 Resultados departamentales y municipales,0.3334936413510,0.005067314635350,49
SAN AGUSTIN,USULUTAN,101.62,101.62,1181,2137,iv Censo Agropecuario 2007-2008 Resultados departamentales y municipales,0.5879763908180,0.008946458475080,50
BERLIN,USULUTAN,1252.31,1249.20,16989,2011,iv Censo Agropecuario 2007-2008 Resultados departamentales y municipales,0.5123636906080,0.011867242551700,51
NUEVA GRANADA,USULUTAN,29.90,21.27,202,2115,iv Censo Agropecuario 2007-2008 Resultados departamentales y municipales,0.5087613950220,0.006871773421530,52
EL TRIUNFO,USULUTAN,64.80,64.80,693,2064,iv Censo Agropecuario 2007-2008 Resultados departamentales y municipales,0.4620825557560,0.003445279954320,53
SAN BUENA VENTURA,USULUTAN,31.38,31.38,441,2146,iv Censo Agropecuario 2007-2008 Resultados departamentales y municipales,0.3537807702940,0.002838084723800,54
SANTIAGO DE MARIA,USULUTAN,41.96,38.62,452,2217,iv Censo Agropecuario 2007-2008 Resultados departamentales y municipales,0.2391674897700,0.002589497748820,55
JUCUAPA,USULUTAN,425.75,419.89,4540,2086,iv Censo Agropecuario 2007-2008 Resultados departamentales y municipales,0.3309893428650,0.003866795366060,56
ALEGRIA,USULUTAN,406.38,398.98,5554,2008,iv Censo Agropecuario 2007-2008 Resultados departamentales y municipales,0.3123976127500,0.003606238479790,57
SAN FRANCISCO LEMPA,CHALATENANGO,4.55,4.55,35,2158,iv Censo Agropecuario 2007-2008 Resultados departamentales y municipales,0.1092445992490,0.000580976565367,58
SAN ANTONIO DE LA CRUZ,CHALATENANGO,52.73,51.57,419,2140,iv Censo Agropecuario 2007-2008 Resultados departamentales y municipales,0.2881408784280,0.002659190129940,59
NOMBRE DE JESUS,CHALATENANGO,121.72,121.72,874,2112,iv Censo Agropecuario 2007-2008 Resultados departamentales y municipales,0.2962602874060,0.003601125176470,60
LAS FLORES,CHALATENANGO,50.23,45.85,265,2095,iv Censo Agropecuario 2007-2008 Resultados departamentales y municipales,0.2309951742740,0.002173508310760,61
ARCATAO,CHALATENANGO,258.23,256.02,2057,2008,iv Censo Agropecuario 2007-2008 Resultados departamentales y municipales,0.3657399205800,0.002851981286340,62
COMALAPA,CHALATENANGO,1.05,1.05,17,2035,iv Censo Agropecuario 2007-2008 Resultados departamentales y municipales,0.2041767508290,0.002195835174070,63
LA LAGUNA,CHALATENANGO,275.04,273.69,2301,2090,iv Censo Agropecuario 2007-2008 Resultados departamentales y municipales,0.3188629354380,0.002025664463690,64
EL CARRIZAL,CHALATENANGO,155.24,148.19,1631,2052,iv Censo Agropecuario 2007-2008 Resultados departamentales y municipales,0.2233185220640,0.002308639855280,65
SUCHITOTO,CUSCATLAN,1389.49,1366.46,15074,2230,iv Censo Agropecuario 2007-2008 Resultados departamentales y municipales,0.8548507232560,0.025717995433900,66
TENANCINGO,CUSCATLAN,812.65,800.11,8633,2239,iv Censo Agropecuario 2007-2008 Resultados departamentales y municipales,0.4010494755650,0.004969825025360,67
SAN JOSE GUAYABAL,CUSCATLAN,860.65,856.94,10299,2169,iv Censo Agropecuario 2007-2008 Resultados departamentales y municipales,0.4189455390370,0.005752995275090,68
ORATORIO DE CONCEPCION,CUSCATLAN,333.38,322.34,3411,2122,iv Censo Agropecuario 2007-2008 Resultados departamentales y municipales,0.1725665002180,0.001198830979140,69
SAN BARTOLOME PERULAPIA,CUSCATLAN,141.02,141.02,1454,2145,iv Censo Agropecuario 2007-2008 Resultados departamentales y municipales,0.1998275270090,0.000995441412871,70
SAN PEDRO PERULAPAN,CUSCATLAN,1684.48,1666.07,17739,2191,iv Censo Agropecuario 2007-2008 Resultados departamentales y municipales,0.5678073659910,0.007451997645370,71
SANTA CRUZ MICHAPA,CUSCATLAN,372.80,365.61,3752,2207,iv Censo Agropecuario 2007-2008 Resultados departamentales y municipales,0.2382386314210,0.001887207900910,72
MONTE SAN JUAN,CUSCATLAN,468.10,464.36,4626,2108,iv Censo Agropecuario 2007-2008 Resultados departamentales y municipales,0.2188960594120,0.001779936551590,73
EL ROSARIO,CUSCATLAN,308.92,306.75,3021,2059,iv Censo Agropecuario 2007-2008 Resultados departamentales y municipales,0.1934323980150,0.001219690117850,74
SAN RAFAEL CEDROS,CUSCATLAN,467.43,462.58,4969,2194,iv Censo Agropecuario 2007-2008 Resultados departamentales y municipales,0.2129808413670,0.001711948481950,75
COJUTEPEQUE,CUSCATLAN,2498.78,2383.17,28548,2032,iv Censo Agropecuario 2007-2008 Resultados departamentales y municipales,0.4494990484790,0.002302754708740,76
EL CARMEN,CUSCATLAN,316.01,312.41,3057,2050,iv Censo Agropecuario 2007-2008 Resultados departamentales y municipales,0.2754226059100,0.001583933205890,77
SAN CRISTOBAL,CUSCATLAN,374.05,363.57,3972,2149,iv Censo Agropecuario 2007-2008 Resultados departamentales y municipales,0.1951915491860,0.001275288048260,78
CANDELARIA,CUSCATLAN,207.71,207.71,2143,2017,iv Censo Agropecuario 2007-2008 Resultados departamentales y municipales,0.2858797438870,0.002755497925200,79
SAN RAMON,CUSCATLAN,141.39,141.14,1806,2197,iv Censo Agropecuario 2007-2008 Resultados departamentales y municipales,0.1868774825530,0.000991000785216,80
SANTA CRUZ ANALQUITO,CUSCATLAN,170.57,162.45,1725,2206,iv Censo Agropecuario 2007-2008 Resultados departamentales y municipales,0.1393983811230,0.000902938193996,81
SAN LUIS TALPA,LA PAZ,104.99,104.68,1704,2181,iv Censo Agropecuario 2007-2008 Resultados departamentales y municipales,0.4217211301320,0.009005745424870,82
OLOCUILTA,LA PAZ,154.21,154.21,2367,2121,iv Censo Agropecuario 2007-2008 Resultados departamentales y municipales,0.4761749817690,0.005831889743100,83
SAN JUAN TALPA,LA PAZ,35.27,35.27,601,2173,iv Censo Agropecuario 2007-2008 Resultados departamentales y municipales,0.1548606917240,0.000981024510155,84
EL ROSARIO,LA PAZ,19.64,19.64,356,2060,iv Censo Agropecuario 2007-2008 Resultados departamentales y municipales,0.4315506108130,0.004502658420210,85
SAN ANTONIO MASAHUAT,LA PAZ,130.18,130.18,1545,2143,iv Censo Agropecuario 2007-2008 Resultados departamentales y municipales,0.2559215697950,0.002608821392100,86
TAPALHUACA,LA PAZ,82.24,82.24,1163,2234,iv Censo Agropecuario 2007-2008 Resultados departamentales y municipales,0.2615705119610,0.002351180095080,87
CUYULTITAN,LA PAZ,27.41,27.41,234,2045,iv Censo Agropecuario 2007-2008 Resultados departamentales y municipales,0.1785770421010,0.001093706330010,88
SAN FRANCISCO CHINAMECA,LA PAZ,197.47,188.03,2948,2155,iv Censo Agropecuario 2007-2008 Resultados departamentales y municipales,0.3661922061150,0.004118631232710,89
SAN JUAN TEPEZONTES,LA PAZ,180.88,179.33,2574,2174,iv Censo Agropecuario 2007-2008 Resultados departamentales y municipales,0.1910671750170,0.001786297630600,90
SANTIAGO NONUALCO,LA PAZ,207.58,189.58,2720,2218,iv Censo Agropecuario 2007-2008 Resultados departamentales y municipales,0.8598914090840,0.012135100608900,91
SAN PEDRO MASAHUAT,LA PAZ,68.72,68.72,926,2189,iv Censo Agropecuario 2007-2008 Resultados departamentales y municipales,0.7261882613220,0.008140573077260,92
SAN JUAN NONUALCO,LA PAZ,108.72,108.72,1561,2171,iv Censo Agropecuario 2007-2008 Resultados departamentales y municipales,0.6495053770930,0.005468513291860,93
ZACATECOLUCA,LA PAZ,878.59,858.06,13039,2255,iv Censo Agropecuario 2007-2008 Resultados departamentales y municipales,0.9983942496120,0.023682294460100,94
SAN RAFAEL OBRAJUELO,LA PAZ,32.52,32.52,683,2195,iv Censo Agropecuario 2007-2008 Resultados departamentales y municipales,0.2421382831870,0.001062983864070,95
SAN LUIS LA HERRADURA,LA PAZ,212.46,210.93,3196,2180,iv Censo Agropecuario 2007-2008 Resultados departamentales y municipales,0.6681975088970,0.008709912960830,96
SAN PEDRO NONUALCO,LA PAZ,159.09,159.09,2455,2190,iv Censo Agropecuario 2007-2008 Resultados departamentales y municipales,0.2648092153510,0.003294846119900,97
SANTA MARIA OSTUMA,LA PAZ,186.95,186.95,2803,2211,iv Censo Agropecuario 2007-2008 Resultados departamentales y municipales,0.2258168748620,0.001854951619010,98
PARAISO DE OSORIO,LA PAZ,206.60,205.92,3122,2126,iv Censo Agropecuario 2007-2008 Resultados departamentales y municipales,0.1143519247980,0.000650055771920,99
SAN EMIGDIO,LA PAZ,143.08,140.75,1713,2151,iv Censo Agropecuario 2007-2008 Resultados departamentales y municipales,0.2050498778260,0.001119634160300,100
SAN MIGUEL TEPEZONTES,LA PAZ,225.12,224.58,2413,2187,iv Censo Agropecuario 2007-2008 Resultados departamentales y municipales,0.2950978230370,0.002208209012170,101
JERUSALEN,LA PAZ,128.72,128.72,1779,2079,iv Censo Agropecuario 2007-2008 Resultados departamentales y municipales,0.1613471261120,0.000769719978635,102
MERCEDES LA CEIBA,LA PAZ,39.18,38.35,401,2104,iv Censo Agropecuario 2007-2008 Resultados departamentales y municipales,0.0772793408504,0.000205510951256,103
ILOBASCO,CABANAS,3634.93,3613.16,32429,2074,iv Censo Agropecuario 2007-2008 Resultados departamentales y municipales,0.6942990116430,0.019627813762600,104
SAN ISIDRO,CABANAS,201.84,180.40,2161,2164,iv Censo Agropecuario 2007-2008 Resultados departamentales y municipales,0.4355927137010,0.006503317236710,105
JUTIAPA,CABANAS,263.54,260.00,1953,2089,iv Censo Agropecuario 2007-2008 Resultados departamentales y municipales,0.4482731632890,0.007215785179000,106
TEJUTEPEQUE,CABANAS,1137.56,1128.69,12761,2237,iv Censo Agropecuario 2007-2008 Resultados departamentales y municipales,0.3544270480920,0.003544064510120,107
CINQUERA,CABANAS,263.44,246.48,2211,2027,iv Censo Agropecuario 2007-2008 Resultados departamentales y municipales,0.2710217267430,0.002670870324760,108
SENSUNTEPEQUE,CABANAS,1108.37,1071.57,10975,2224,iv Censo Agropecuario 2007-2008 Resultados departamentales y municipales,1.4059291000400,0.025893112802100,109
VICTORIA,CABANAS,603.39,598.18,5762,2250,iv Censo Agropecuario 2007-2008 Resultados departamentales y municipales,0.5614953776490,0.012292261569600,110
GUACOTECTI,CABANAS,196.70,187.46,2005,2067,iv Censo Agropecuario 2007-2008 Resultados departamentales y municipales,0.2951533127180,0.002367406370650,111
SANTA CLARA,SAN VICENTE,509.47,508.36,6283,2205,iv Censo Agropecuario 2007-2008 Resultados departamentales y municipales,0.5849495977640,0.010562565975000,112
SAN ESTEBAN CATARINA,SAN VICENTE,815.61,811.47,10330,2152,iv Censo Agropecuario 2007-2008 Resultados departamentales y municipales,0.5222377877940,0.007074394192180,113
SAN VICENTE,SAN VICENTE,2988.81,2949.04,37889,2202,iv Censo Agropecuario 2007-2008 Resultados departamentales y municipales,0.9791628925400,0.023221873498200,114
LOLOTIQUILLO,MORAZAN,109.18,109.18,1135,2099,iv Censo Agropecuario 2007-2008 Resultados departamentales y municipales,0.2176425132340,0.002321149830950,115
CHILANGA,MORAZAN,241.22,238.63,2833,2023,iv Censo Agropecuario 2007-2008 Resultados departamentales y municipales,0.3609255588550,0.004621201181420,116
GUATAJIAGUA,MORAZAN,297.15,286.12,3444,2070,iv Censo Agropecuario 2007-2008 Resultados departamentales y municipales,0.4316313493850,0.006328820325570,117
SAN FRANCISCO GOTERA,MORAZAN,18.66,18.66,227,2156,iv Censo Agropecuario 2007-2008 Resultados departamentales y municipales,0.5638867014470,0.006072523409970,118
SENSEMBRA,MORAZAN,27.40,27.40,317,2223,iv Censo Agropecuario 2007-2008 Resultados departamentales y municipales,0.2899152752850,0.002063743205610,119
YAMABAL,MORAZAN,62.07,61.70,649,2251,iv Censo Agropecuario 2007-2008 Resultados departamentales y municipales,0.4813014436150,0.003369195765230,120
SAN CARLOS,MORAZAN,0.00,0.00,0,2147,iv Censo Agropecuario 2007-2008 Resultados departamentales y municipales,0.2862113719060,0.003336484778980,121
EL DIVISADERO,MORAZAN,12.34,12.34,95,2054,iv Censo Agropecuario 2007-2008 Resultados departamentales y municipales,0.4232069604260,0.004403660366750,122
JOCORO,MORAZAN,15.64,15.64,219,2084,iv Censo Agropecuario 2007-2008 Resultados departamentales y municipales,0.4271233754570,0.006347514826850,123
CORINTO,MORAZAN,277.37,275.25,3244,2042,iv Censo Agropecuario 2007-2008 Resultados departamentales y municipales,0.5866370458060,0.009387389232030,124
SAN ALEJO,LA UNION,30.76,30.60,361,2138,iv Censo Agropecuario 2007-2008 Resultados departamentales y municipales,0.8256110485140,0.021680115891200,125
PASAQUINA,LA UNION,0.49,0.49,3,2127,iv Censo Agropecuario 2007-2008 Resultados departamentales y municipales,0.9039089631730,0.018831004081600,126
SANTA ROSA DE LIMA,LA UNION,22.89,22.89,264,2213,iv Censo Agropecuario 2007-2008 Resultados departamentales y municipales,0.4847095612880,0.009871375226320,127
EL SAUCE,LA UNION,2.25,2.25,5,2062,iv Censo Agropecuario 2007-2008 Resultados departamentales y municipales,0.5557855226980,0.009121481690030,128
ANAMOROS,LA UNION,110.39,110.39,1128,2008,iv Censo Agropecuario 2007-2008 Resultados departamentales y municipales,0.5701622577670,0.010883218880800,129
CONCHAGUA,LA UNION,164.05,163.23,1832,2041,iv Censo Agropecuario 2007-2008 Resultados departamentales y municipales,0.5429961484410,0.013851902138900,130
INTIPUCA,LA UNION,11.31,11.31,176,2076,iv Censo Agropecuario 2007-2008 Resultados departamentales y municipales,0.3817423539700,0.007507057530530,131
NUEVA ESPARTA,LA UNION,115.98,115.98,965,2114,iv Censo Agropecuario 2007-2008 Resultados departamentales y municipales,0.6117187282730,0.007607907568140,132
LISLIQUE,LA UNION,258.83,256.27,2790,2097,iv Censo Agropecuario 2007-2008 Resultados departamentales y municipales,0.5165166574990,0.007876967895050,133
POLOROS,LA UNION,62.78,62.78,508,2129,iv Censo Agropecuario 2007-2008 Resultados departamentales y municipales,0.6627184008750,0.009228017309440,134
CONCEPCION DE ORIENTE,LA UNION,30.26,30.26,234,2039,iv Censo Agropecuario 2007-2008 Resultados departamentales y municipales,0.4555115021080,0.005829557426000,135
YUCUAIQUIN,LA UNION,6.18,6.18,101,2254,iv Censo Agropecuario 2007-2008 Resultados departamentales y municipales,0.3226197156850,0.004021228267190,136
BOLIVAR,LA UNION,4.46,4.46,53,2012,iv Censo Agropecuario 2007-2008 Resultados departamentales y municipales,0.3334969263510,0.005054894169540,137
SAN JOSE,LA UNION,0.00,0.00,0,2168,iv Censo Agropecuario 2007-2008 Resultados departamentales y municipales,0.2487224906330,0.003388737093200,138
YAYANTIQUE,LA UNION,23.65,23.33,226,2252,iv Censo Agropecuario 2007-2008 Resultados departamentales y municipales,0.2914460941460,0.003514095075650,139
EL CARMEN,LA UNION,16.75,15.40,193,2051,iv Censo Agropecuario 2007-2008 Resultados departamentales y municipales,0.4959054499700,0.011745884260200,140
LA UNION,LA UNION,95.71,95.71,1343,2094,iv Censo Agropecuario 2007-2008 Resultados departamentales y municipales,1.3330099167500,0.012135765298700,141
MEANGUERA DEL GOLFO,LA UNION,15.16,14.68,91,2102,iv Censo Agropecuario 2007-2008 Resultados departamentales y municipales,0.3548591015390,0.002061234867330,142
JIQUILISCO,USULUTAN,267.36,267.36,4957,2081,iv Censo Agropecuario 2007-2008 Resultados departamentales y municipales,1.1534446724200,0.035911029233900,143
SANTA ELENA,USULUTAN,476.52,472.77,6185,2208,iv Censo Agropecuario 2007-2008 Resultados departamentales y municipales,0.3076168712180,0.005351687823720,144
SAN FRANCISCO JAVIER,USULUTAN,89.06,87.31,1186,2157,iv Censo Agropecuario 2007-2008 Resultados departamentales y municipales,0.3045621353310,0.004077432349760,145
TECAPAN,USULUTAN,343.68,332.79,4268,2235,iv Censo Agropecuario 2007-2008 Resultados departamentales y municipales,0.2619271811140,0.003547576586870,146
CALIFORNIA,USULUTAN,18.20,18.20,262,2014,iv Censo Agropecuario 2007-2008 Resultados departamentales y municipales,0.1642202123520,0.001539339541640,147
OZATLAN,USULUTAN,146.23,146.23,2257,2124,iv Censo Agropecuario 2007-2008 Resultados departamentales y municipales,0.3607556389960,0.003960184455800,148
SANTA MARIA,USULUTAN,14.60,14.60,188,2210,iv Censo Agropecuario 2007-2008 Resultados departamentales y municipales,0.1727049050340,0.001371818636780,149
EREGUAYQUIN,USULUTAN,15.22,15.22,171,2065,iv Censo Agropecuario 2007-2008 Resultados departamentales y municipales,0.2245057127320,0.001485166861140,150
USULUTAN,USULUTAN,239.69,231.68,3061,2248,iv Censo Agropecuario 2007-2008 Resultados departamentales y municipales,1.1653780395000,0.019470098351300,151
CONCEPCION BATRES,USULUTAN,665.91,640.34,5608,2037,iv Censo Agropecuario 2007-2008 Resultados departamentales y municipales,0.5066009797810,0.008881388831390,152
SAN DIONISIO,USULUTAN,10.43,10.43,128,2150,iv Censo Agropecuario 2007-2008 Resultados departamentales y municipales,0.2023463159860,0.002468127817660,153
PUERTO EL TRIUNFO,USULUTAN,0.71,0.71,11,2131,iv Censo Agropecuario 2007-2008 Resultados departamentales y municipales,0.6668259141900,0.014029780479200,154
JUCUARAN,USULUTAN,328.27,318.34,3617,2087,iv Censo Agropecuario 2007-2008 Resultados departamentales y municipales,0.9939103847240,0.019650537343800,155
SESORI,SAN MIGUEL,94.00,94.00,1351,2225,iv Censo Agropecuario 2007-2008 Resultados departamentales y municipales,0.7479027543750,0.016370219493500,156
NUEVO EDEN DE SAN JUAN,SAN MIGUEL,6.69,6.69,107,2119,iv Censo Agropecuario 2007-2008 Resultados departamentales y municipales,0.4805303376220,0.009032373360920,157
DOLORES,CABANAS,53.96,53.96,555,2048,iv Censo Agropecuario 2007-2008 Resultados departamentales y municipales,0.6126079299120,0.011583327114200,158
SAN GERARDO,SAN MIGUEL,28.01,28.01,178,2161,iv Censo Agropecuario 2007-2008 Resultados departamentales y municipales,0.3765621883590,0.006731847061300,159
SAN LUIS DE LA REINA,SAN MIGUEL,25.77,25.77,158,2178,iv Censo Agropecuario 2007-2008 Resultados departamentales y municipales,0.3406785964310,0.004750960150880,160
CAROLINA,SAN MIGUEL,131.65,116.06,792,2019,iv Censo Agropecuario 2007-2008 Resultados departamentales y municipales,0.3937167680580,0.004422079662980,161
SAN ANTONIO,SAN MIGUEL,141.66,141.54,796,2139,iv Censo Agropecuario 2007-2008 Resultados departamentales y municipales,0.2869584673460,0.002810410083160,162
CIUDAD BARRIOS,SAN MIGUEL,319.10,297.74,2195,2030,iv Censo Agropecuario 2007-2008 Resultados departamentales y municipales,0.5358976995370,0.009723881386760,163
CHAPELTIQUE,SAN MIGUEL,58.62,56.30,558,2022,iv Censo Agropecuario 2007-2008 Resultados departamentales y municipales,0.4676859322580,0.008643768371660,164
LOLOTIQUE,SAN MIGUEL,149.07,149.07,1396,2098,iv Censo Agropecuario 2007-2008 Resultados departamentales y municipales,0.3810063359160,0.006082502137910,165
MONCAGUA,SAN MIGUEL,56.89,53.23,577,2107,iv Censo Agropecuario 2007-2008 Resultados departamentales y municipales,0.4422711937840,0.007911893821830,166
NUEVA GUADALUPE,SAN MIGUEL,59.46,52.53,377,2116,iv Censo Agropecuario 2007-2008 Resultados departamentales y municipales,0.2195207891030,0.001310401228240,167
CHINAMECA,SAN MIGUEL,1193.74,1132.94,12371,2025,iv Censo Agropecuario 2007-2008 Resultados departamentales y municipales,0.5094259440090,0.007911690060390,168
SAN JORGE,SAN MIGUEL,417.97,369.74,3674,2167,iv Censo Agropecuario 2007-2008 Resultados departamentales y municipales,0.2309884879580,0.003390275112320,169
QUELEPA,SAN MIGUEL,3.06,3.06,45,2132,iv Censo Agropecuario 2007-2008 Resultados departamentales y municipales,0.2081893097100,0.001401685435920,170
SAN MIGUEL,SAN MIGUEL,619.11,598.00,7576,2185,iv Censo Agropecuario 2007-2008 Resultados departamentales y municipales,1.4507992743200,0.052838176283800,171
SAN RAFAEL ORIENTE,SAN MIGUEL,196.88,193.33,2475,2196,iv Censo Agropecuario 2007-2008 Resultados departamentales y municipales,0.3256104374790,0.003120912555340,172
EL TRANSITO,SAN MIGUEL,62.69,60.11,468,2063,iv Censo Agropecuario 2007-2008 Resultados departamentales y municipales,0.5367335192720,0.006750314463010,173
CHIRILAGUA,SAN MIGUEL,215.12,211.44,2317,2026,iv Censo Agropecuario 2007-2008 Resultados departamentales y municipales,0.7729588998640,0.018545577543000,174
ULUAZAPA,SAN MIGUEL,31.10,28.07,174,2247,iv Censo Agropecuario 2007-2008 Resultados departamentales y municipales,0.2321449780810,0.002544667979010,175
COMACARAN,SAN MIGUEL,220.29,220.29,3651,2034,iv Censo Agropecuario 2007-2008 Resultados departamentales y municipales,0.2557307266090,0.003457016830150,176
SOCIEDAD,MORAZAN,145.28,141.06,1262,2226,iv Censo Agropecuario 2007-2008 Resultados departamentales y municipales,0.5140851987160,0.009299017319910,177
CACAOPERA,MORAZAN,375.40,372.21,3630,2013,iv Censo Agropecuario 2007-2008 Resultados departamentales y municipales,0.5936269938550,0.010474813334600,178
SAN FERNANDO,MORAZAN,37.54,33.45,351,2154,iv Censo Agropecuario 2007-2008 Resultados departamentales y municipales,0.2599836767870,0.003091542340480,179
ARAMBALA,MORAZAN,37.50,37.50,274,2008,iv Censo Agropecuario 2007-2008 Resultados departamentales y municipales,0.3913808121710,0.005872001501850,180
PERQUIN,MORAZAN,24.56,23.91,235,2128,iv Censo Agropecuario 2007-2008 Resultados departamentales y municipales,0.3187004061500,0.002032554334860,181
JOCOAITIQUE,MORAZAN,156.11,156.11,1927,2083,iv Censo Agropecuario 2007-2008 Resultados departamentales y municipales,0.2411984762090,0.002429974525220,182
TOROLA,MORAZAN,151.61,151.14,1388,2245,iv Censo Agropecuario 2007-2008 Resultados departamentales y municipales,0.3371638717980,0.004096107908700,183
SAN ISIDRO,MORAZAN,105.79,105.79,673,2165,iv Censo Agropecuario 2007-2008 Resultados departamentales y municipales,0.1235202735950,0.000863481905120,184
EL ROSARIO,MORAZAN,39.73,39.73,373,2061,iv Censo Agropecuario 2007-2008 Resultados departamentales y municipales,0.1905672328890,0.001816920411960,185
MEANGUERA,MORAZAN,139.21,134.17,1533,2101,iv Censo Agropecuario 2007-2008 Resultados departamentales y municipales,0.3990046694670,0.004648294100140,186
JOATECA,MORAZAN,133.62,130.98,1233,2082,iv Censo Agropecuario 2007-2008 Resultados departamentales y municipales,0.4723114075250,0.005772854694290,187
SAN SIMON,MORAZAN,232.16,232.16,1572,2201,iv Censo Agropecuario 2007-2008 Resultados departamentales y municipales,0.3339102538570,0.003623927879050,188
GUALOCOCTI,MORAZAN,43.80,43.80,343,2069,iv Censo Agropecuario 2007-2008 Resultados departamentales y municipales,0.2123010416110,0.001522483653550,189
DELICIAS DE CONCEPCION,MORAZAN,43.33,43.33,530,2047,iv Censo Agropecuario 2007-2008 Resultados departamentales y municipales,0.2430312306890,0.002054919011660,190
YOLOAIQUIN,MORAZAN,56.49,56.49,546,2253,iv Censo Agropecuario 2007-2008 Resultados departamentales y municipales,0.2090910928360,0.001625847323030,191
MERCEDES UMANA,USULUTAN,343.26,340.52,3856,2105,iv Censo Agropecuario 2007-2008 Resultados departamentales y municipales,0.4474716737310,0.006240556208180,192
OSICALA,MORAZAN,136.40,136.40,1273,2123,iv Censo Agropecuario 2007-2008 Resultados departamentales y municipales,0.2717368792040,0.002993973954270,193
SANTA ISABEL ISHUATAN,SONSONATE,351.74,331.05,3013,2209,iv Censo Agropecuario 2007-2008 Resultados departamentales y municipales,0.5386951809400,0.008343140398340,194
CUISNAHUAT,SONSONATE,471.87,460.70,3789,2043,iv Censo Agropecuario 2007-2008 Resultados departamentales y municipales,0.5019488451790,0.007006217378200,195
ACAJUTLA,SONSONATE,37.88,23.79,256,2008,iv Censo Agropecuario 2007-2008 Resultados departamentales y municipales,0.7272700668660,0.013581416250800,196
NAHULINGO,SONSONATE,47.77,44.59,482,2110,iv Censo Agropecuario 2007-2008 Resultados departamentales y municipales,0.3573137472590,0.002937616685870,197
CALUCO,SONSONATE,769.34,704.67,7232,2015,iv Censo Agropecuario 2007-2008 Resultados departamentales y municipales,0.3532510041270,0.004485581955300,198
SAN ANTONIO DEL MONTE,SONSONATE,33.80,24.64,214,2141,iv Censo Agropecuario 2007-2008 Resultados departamentales y municipales,0.2239962807370,0.002161776732110,199
SONSONATE,SONSONATE,155.31,144.98,1436,2227,iv Censo Agropecuario 2007-2008 Resultados departamentales y municipales,1.2799888245000,0.017941280307900,200
SAN JULIAN,SONSONATE,1280.82,1189.94,14268,2175,iv Censo Agropecuario 2007-2008 Resultados departamentales y municipales,0.5217016567350,0.006025688340800,201
ARMENIA,SONSONATE,1505.98,1454.41,21148,2008,iv Censo Agropecuario 2007-2008 Resultados departamentales y municipales,0.5520419618920,0.006226264795980,202
IZALCO,SONSONATE,2155.13,2069.26,26692,2077,iv Censo Agropecuario 2007-2008 Resultados departamentales y municipales,0.9087937182930,0.014786041397800,203
SANTA CATARINA MASAHUAT,SONSONATE,153.21,148.25,1992,2204,iv Censo Agropecuario 2007-2008 Resultados departamentales y municipales,0.2708783391400,0.002698342553080,204
SALCOATITAN,SONSONATE,3.89,3.89,28,2136,iv Censo Agropecuario 2007-2008 Resultados departamentales y municipales,0.2096884318810,0.001067418933920,205
NAHUIZALCO,SONSONATE,271.57,252.21,3040,2109,iv Censo Agropecuario 2007-2008 Resultados departamentales y municipales,0.5409572867840,0.005662811173340,206
JUAYUA,SONSONATE,56.75,49.08,748,2085,iv Censo Agropecuario 2007-2008 Resultados departamentales y municipales,0.4633252204570,0.007488505765300,207
SONZACATE,SONSONATE,20.69,15.69,161,2228,iv Censo Agropecuario 2007-2008 Resultados departamentales y municipales,0.1702902921380,0.000486095683682,208
ROSARIO DE MORA,SAN SALVADOR,141.26,139.08,1496,2134,iv Censo Agropecuario 2007-2008 Resultados departamentales y municipales,0.3262598485680,0.003147273744370,209
PANCHIMALCO,SAN SALVADOR,228.91,220.68,2070,2125,iv Censo Agropecuario 2007-2008 Resultados departamentales y municipales,0.5845739357360,0.008108354126550,210
SAN MARCOS,SAN SALVADOR,34.86,34.61,666,2182,iv Censo Agropecuario 2007-2008 Resultados departamentales y municipales,0.2671665986980,0.001402508279650,211
SANTO TOMAS,SAN SALVADOR,158.08,156.35,1431,2222,iv Censo Agropecuario 2007-2008 Resultados departamentales y municipales,0.2547039069970,0.002212506710600,212
SANTIAGO TEXACUANGOS,SAN SALVADOR,117.08,116.07,1875,2219,iv Censo Agropecuario 2007-2008 Resultados departamentales y municipales,0.3275249738620,0.003126682620710,213
ILOPANGO,SAN SALVADOR,210.19,208.97,3133,2075,iv Censo Agropecuario 2007-2008 Resultados departamentales y municipales,0.3245382191290,0.002903446499500,214
CUSCATANCINGO,SAN SALVADOR,283.37,263.87,2081,2044,iv Censo Agropecuario 2007-2008 Resultados departamentales y municipales,0.1836741889670,0.000534404487243,215
SOYAPANGO,SAN SALVADOR,109.41,109.41,1102,2229,iv Censo Agropecuario 2007-2008 Resultados departamentales y municipales,0.2906018849890,0.002499317397840,216
SAN SALVADOR,SAN SALVADOR,62.89,62.89,699,2198,iv Censo Agropecuario 2007-2008 Resultados departamentales y municipales,0.4768592492120,0.005970037037750,217
MEJICANOS,SAN SALVADOR,15.56,14.82,177,2103,iv Censo Agropecuario 2007-2008 Resultados departamentales y municipales,0.2708461970190,0.001629688690320,218
AYUTUXTEPEQUE,SAN SALVADOR,79.60,79.60,1561,2009,iv Censo Agropecuario 2007-2008 Resultados departamentales y municipales,0.1926717026160,0.000745931676521,219
DELGADO,SAN SALVADOR,109.88,106.89,1581,2046,iv Censo Agropecuario 2007-2008 Resultados departamentales y municipales,0.3247470533880,0.002789860366760,220
SAN MARTIN,SAN SALVADOR,435.43,425.95,5545,2183,iv Censo Agropecuario 2007-2008 Resultados departamentales y municipales,0.3668291443190,0.004677622010400,221
TONACATEPEQUE,SAN SALVADOR,1175.66,1171.66,16895,2244,iv Censo Agropecuario 2007-2008 Resultados departamentales y municipales,0.4056080196180,0.005672780306450,222
APOPA,SAN SALVADOR,348.05,338.74,4332,2008,iv Censo Agropecuario 2007-2008 Resultados departamentales y municipales,0.4153832166770,0.004434596995880,223
NEJAPA,SAN SALVADOR,703.32,699.15,10410,2111,iv Censo Agropecuario 2007-2008 Resultados departamentales y municipales,0.5422503118310,0.006970145808700,224
GUAZAPA,SAN SALVADOR,587.63,576.95,7137,2072,iv Censo Agropecuario 2007-2008 Resultados departamentales y municipales,0.3882046165120,0.005416954329170,225
AGUILARES,SAN SALVADOR,183.95,183.95,2371,2008,iv Censo Agropecuario 2007-2008 Resultados departamentales y municipales,0.3299119214960,0.002809642738720,226
EL PAISNAL,SAN SALVADOR,142.28,138.41,1392,2055,iv Censo Agropecuario 2007-2008 Resultados departamentales y municipales,0.6363199669420,0.010558997877300,227
SAN PEDRO PUXTLA,AHUACHAPAN,14.94,14.94,76,2192,iv Censo Agropecuario 2007-2008 Resultados departamentales y municipales,0.2705611569990,0.002092409477810,228
JUJUTLA,AHUACHAPAN,177.40,153.75,992,2088,iv Censo Agropecuario 2007-2008 Resultados departamentales y municipales,0.8704245268110,0.014975992405000,229
APANECA,AHUACHAPAN,30.17,29.82,191,2008,iv Censo Agropecuario 2007-2008 Resultados departamentales y municipales,0.3061950137410,0.003400926132920,230
CONCEPCION DE ATACO,AHUACHAPAN,88.60,88.60,1330,2038,iv Censo Agropecuario 2007-2008 Resultados departamentales y municipales,0.5604370940440,0.005702343997420,231
SAN FRANCISCO MENENDEZ,AHUACHAPAN,327.71,253.66,1763,2159,iv Censo Agropecuario 2007-2008 Resultados departamentales y municipales,1.0236187652600,0.021990669032100,232
TACUBA,AHUACHAPAN,2984.29,2759.40,23872,2231,iv Censo Agropecuario 2007-2008 Resultados departamentales y municipales,0.8682029090580,0.013161185141000,233
TURIN,AHUACHAPAN,322.21,313.59,4127,2246,iv Censo Agropecuario 2007-2008 Resultados departamentales y municipales,0.1705978696390,0.000834668851920,234
EL REFUGIO,AHUACHAPAN,329.65,309.87,4305,2058,iv Censo Agropecuario 2007-2008 Resultados departamentales y municipales,0.1623804504580,0.000946288244863,235
ATIQUIZAYA,AHUACHAPAN,1132.83,1040.61,12308,2008,iv Censo Agropecuario 2007-2008 Resultados departamentales y municipales,0.4775711491020,0.005261967331050,236
AHUACHAPAN,AHUACHAPAN,3404.13,3230.75,36638,2008,iv Censo Agropecuario 2007-2008 Resultados departamentales y municipales,0.7701843926820,0.020979681045300,237
SAN LORENZO,AHUACHAPAN,1200.59,1087.75,12086,2176,iv Censo Agropecuario 2007-2008 Resultados departamentales y municipales,0.2348671507680,0.001689975781310,238
ZONA DE DEMARCACION LIMITROFE,CHALATENANGO,,,,2257,iv Censo Agropecuario 2007-2008 Resultados departamentales y municipales,0.2636386150390,0.002629959335280,239
ZONA DE DEMARCACION LIMITROFE,CHALATENANGO,,,,2258,iv Censo Agropecuario 2007-2008 Resultados departamentales y municipales,0.179415412,0.00079517,240
LA LIBERTAD,LA LIBERTAD,301.98,290.47,2619,2091,iv Censo Agropecuario 2007-2008 Resultados departamentales y municipales,0.8779248179690,0.011406007685200,241
JICALAPA,LA LIBERTAD,387.68,373.76,3796,2080,iv Censo Agropecuario 2007-2008 Resultados departamentales y municipales,0.3351722826570,0.004243014417820,242
ZARAGOZA,LA LIBERTAD,300.67,300.67,3546,2256,iv Censo Agropecuario 2007-2008 Resultados departamentales y municipales,0.2555102906950,0.001888451421080,243
SAN JOSE VILLANUEVA,LA LIBERTAD,348.16,345.75,3657,2170,iv Censo Agropecuario 2007-2008 Resultados departamentales y municipales,0.3554982545820,0.002900573032440,244
HUIZUCAR,LA LIBERTAD,439.52,439.52,4952,2073,iv Censo Agropecuario 2007-2008 Resultados departamentales y municipales,0.4532186309050,0.004542532408720,245
TAMANIQUE,LA LIBERTAD,398.51,394.72,3622,2233,iv Censo Agropecuario 2007-2008 Resultados departamentales y municipales,0.5468069213400,0.008273678401540,246
CHILTIUPAN,LA LIBERTAD,475.69,455.85,4813,2024,iv Censo Agropecuario 2007-2008 Resultados departamentales y municipales,0.5223494255100,0.007061722474320,247
NUEVO CUSCATLAN,LA LIBERTAD,68.86,68.86,596,2118,iv Censo Agropecuario 2007-2008 Resultados departamentales y municipales,0.1361455185020,0.000724384680159,248
TEOTEPEQUE,LA LIBERTAD,540.83,500.49,4475,2240,iv Censo Agropecuario 2007-2008 Resultados departamentales y municipales,0.5985577889630,0.008455365306440,249
COMASAGUA,LA LIBERTAD,154.77,154.28,1278,2036,iv Censo Agropecuario 2007-2008 Resultados departamentales y municipales,0.4858059481040,0.006704043747300,250
ANTIGUO CUSCATLAN,LA LIBERTAD,10.28,10.28,49,2008,iv Censo Agropecuario 2007-2008 Resultados departamentales y municipales,0.2590257828790,0.001797245776680,251
TALNIQUE,LA LIBERTAD,297.08,270.95,4064,2232,iv Censo Agropecuario 2007-2008 Resultados departamentales y municipales,0.2756154209980,0.002730712015320,252
JAYAQUE,LA LIBERTAD,308.31,308.31,5325,2078,iv Censo Agropecuario 2007-2008 Resultados departamentales y municipales,0.3539428973700,0.003540363537160,253
TEPECOYO,LA LIBERTAD,786.85,782.85,11454,2241,iv Censo Agropecuario 2007-2008 Resultados departamentales y municipales,0.3646259963770,0.004170349781230,254
SANTA TECLA,LA LIBERTAD,513.87,513.87,7196,2215,iv Censo Agropecuario 2007-2008 Resultados departamentales y municipales,0.7613549058100,0.009072591053780,255
COLON,LA LIBERTAD,230.29,223.97,2629,2033,iv Censo Agropecuario 2007-2008 Resultados departamentales y municipales,0.4584598738210,0.006384359087670,256
SACACOYO,LA LIBERTAD,522.79,522.79,7645,2135,iv Censo Agropecuario 2007-2008 Resultados departamentales y municipales,0.3307366088350,0.002089501477450,257
CIUDAD ARCE,LA LIBERTAD,2171.49,2157.51,25782,2029,iv Censo Agropecuario 2007-2008 Resultados departamentales y municipales,0.5162501516900,0.006457505027000,258
QUEZALTEPEQUE,LA LIBERTAD,600.78,597.20,10558,2133,iv Censo Agropecuario 2007-2008 Resultados departamentales y municipales,0.6203351611660,0.010577420312500,259
SAN MATIAS,LA LIBERTAD,615.72,615.72,5891,2184,iv Censo Agropecuario 2007-2008 Resultados departamentales y municipales,0.4324836417230,0.004327146032920,260
SAN JUAN OPICO,LA LIBERTAD,3215.01,3205.80,46884,2172,iv Censo Agropecuario 2007-2008 Resultados departamentales y municipales,0.8960556921240,0.019190511645100,261
SAN PABLO TACACHICO,LA LIBERTAD,265.65,256.69,3457,2188,iv Censo Agropecuario 2007-2008 Resultados departamentales y municipales,0.6016617615090,0.010613292917700,262
ZONA DE DEMARCACION LIMITROFE,MORAZAN,,,,2259,iv Censo Agropecuario 2007-2008 Resultados departamentales y municipales,0.492327506,0.010499877,263
ZONA DE DEMARCACION LIMITROFE,CHALATENANGO,,,,2260,iv Censo Agropecuario 2007-2008 Resultados departamentales y municipales,0.128342608,0.000647329,264
ZONA DE DEMARCACION LIMITROFE,CHALATENANGO,,,,2261,iv Censo Agropecuario 2007-2008 Resultados departamentales y municipales,0.160976916,0.000816737,265
ZONA DE DEMARCACION LIMITROFE,MORAZAN,,,,2262,iv Censo Agropecuario 2007-2008 Resultados departamentales y municipales,0.061849734,0.000103186,266
ZONA DE DEMARCACION LIMITROFE,MORAZAN,,,,2263,iv Censo Agropecuario 2007-2008 Resultados departamentales y municipales,0.120500732,0.000384176,267
ZONA DE DEMARCACION LIMITROFE,LA UNION,,,,2264,iv Censo Agropecuario 2007-2008 Resultados departamentales y municipales,0.475995989,0.006098224,268
ZONA DE DEMARCACION LIMITROFE,LA UNION,,,,2265,iv Censo Agropecuario 2007-2008 Resultados departamentales y municipales,0.283272604,0.00326334,269
GUAYMANGO,AHUACHAPAN,81.76,74.69,458,2071,iv Censo Agropecuario 2007-2008 Resultados departamentales y municipales,0.3839553642860,0.006568892211600,270
SANTO DOMINGO DE GUZMAN,SONSONATE,13.62,10.57,132,2221,iv Censo Agropecuario 2007-2008 Resultados departamentales y municipales,0.2465935111740,0.002340258769000,271
